State,Quarter,Total_Amount_Reimbursed,Number_of_Prescriptions,Reimbursement_Per_Prescription,Anomaly_Score,Review_Priority_Score,Risk_Category
XX,3,73764560.17,51875.0,1421.9674249638554,0.7375582192537741,2,High Review Priority
XX,4,145754900.06,45159.0,3227.593615004761,0.7231159713556841,2,High Review Priority
WI,1,10023486.5,379.0,26447.19393139842,0.6961863174364998,2,High Review Priority
XX,3,5499691.92,85.0,64702.25788235294,0.6708293884963302,2,High Review Priority
XX,3,14280321.92,33570.0,425.3893929103366,0.7270306884990898,1,Moderate Review Priority
XX,2,24637243.78,17517.0,1406.4762105383343,0.7169066146033782,1,Moderate Review Priority
XX,4,11621742.37,27376.0,424.52302637346577,0.7106733582975435,1,Moderate Review Priority
CA,3,13978449.87,17236.0,811.0031254351358,0.7098506994403267,1,Moderate Review Priority
XX,3,15026264.29,930.0,16157.273430107525,0.6996058217387452,1,Moderate Review Priority
XX,2,763155.51,86231.0,8.85012941981422,0.6964812213112728,1,Moderate Review Priority
XX,2,643971.81,84830.0,7.591321584345161,0.6931653313964276,1,Moderate Review Priority
XX,2,971065.03,63497.0,15.293085185126857,0.6921171395188921,1,Moderate Review Priority
XX,1,622380.53,65371.0,9.520743601902986,0.6915508436719511,1,Moderate Review Priority
NY,4,1949440.36,66710.0,29.222610703043024,0.6888426827498502,1,Moderate Review Priority
XX,1,7947377.54,5636.0,1410.1095706174592,0.6879739104891204,1,Moderate Review Priority
XX,4,1006216.5,71450.0,14.082806158152554,0.6873738665957342,1,Moderate Review Priority
XX,1,1089353.58,60055.0,18.139265340104906,0.6853603213167525,1,Moderate Review Priority
NY,2,10128803.85,4549.0,2226.60009892284,0.6845908150953902,1,Moderate Review Priority
XX,3,450769.41,67101.0,6.717774846872625,0.6837809720853235,1,Moderate Review Priority
XX,1,616911.09,44550.0,13.847611447811447,0.6737740951340889,1,Moderate Review Priority
NY,2,5214688.87,782.0,6668.400089514067,0.6735925510429174,1,Moderate Review Priority
MI,4,1846448.42,66.0,27976.49121212121,0.6692735661839241,1,Moderate Review Priority
XX,4,5139535.18,25.0,205581.4072,0.668299860190059,1,Moderate Review Priority
OH,4,467900.57,39695.0,11.787393122559516,0.6652578530947304,1,Moderate Review Priority
CA,2,3147663.1,62.0,50768.75967741936,0.6603942922951014,1,Moderate Review Priority
OR,2,1078425.6,15.0,71895.04000000001,0.6585837984135335,1,Moderate Review Priority
XX,2,1570804.0,48.0,32725.083333333332,0.648746459620021,1,Moderate Review Priority
NC,1,1359380.45,42.0,32366.20119047619,0.6475582123302309,1,Moderate Review Priority
TX,2,504202.73,17.0,29658.984117647058,0.635674837255485,1,Moderate Review Priority
AZ,3,358586.48,13.0,27583.575384615382,0.6336404474637709,1,Moderate Review Priority
MI,4,769815.38,31.0,24832.754193548386,0.6275235211819719,1,Moderate Review Priority
PA,3,384055.42,15.0,25603.694666666666,0.6216901002268149,1,Moderate Review Priority
PA,2,3927162.29,194.0,20243.104587628866,0.6914186777465492,0,Anomaly Only
XX,1,768874.64,39485.0,19.47257540838293,0.6828967070382039,0,Anomaly Only
NJ,3,464222.78,21.0,22105.846666666668,0.6812471276845471,0,Anomaly Only
NY,3,0.01,1368.0,7.3099415204678366e-06,0.6776863803400478,0,Anomaly Only
XX,4,2313791.9,133.0,17396.93157894737,0.6761186154567137,0,Anomaly Only
XX,2,1164599.2,22037.0,52.84744747470164,0.6754196241555015,0,Anomaly Only
CA,3,3454979.66,8738.0,395.3970771343557,0.6737707055892399,0,Anomaly Only
HI,1,0.44,11.0,0.04,0.6696338374052374,0,Anomaly Only
XX,1,4009171.7,177.0,22650.68757062147,0.6694163093790483,0,Anomaly Only
XX,4,241589.95,11.0,21962.72272727273,0.6687490955401353,0,Anomaly Only
CA,2,3802991.58,355.0,10712.652338028169,0.6678316012743215,0,Anomaly Only
XX,2,446840.72,38515.0,11.601732312086199,0.6657081097556998,0,Anomaly Only
XX,2,3800352.44,667.0,5697.679820089955,0.6653956731925508,0,Anomaly Only
TN,3,4458616.57,1327.0,3359.9220572720424,0.6627730627452257,0,Anomaly Only
GA,3,3382089.17,907.0,3728.874498346196,0.6617362495140194,0,Anomaly Only
XX,4,4186279.07,686.0,6102.447623906705,0.6616525088322375,0,Anomaly Only
TX,3,1382985.93,56.0,24696.17732142857,0.6600916232019007,0,Anomaly Only
MT,1,856483.04,44.0,19465.523636363636,0.6584682687386707,0,Anomaly Only
XX,3,94906.84,22631.0,4.193665326322301,0.6583677738515055,0,Anomaly Only
XX,4,2741562.74,1294.0,2118.6729057187017,0.658206057394667,0,Anomaly Only
OK,3,253.3,2647.0,0.09569323762750284,0.6577251969745896,0,Anomaly Only
IN,1,839899.13,35.0,23997.118,0.6564893461063847,0,Anomaly Only
TN,3,0.08,22.0,0.0036363636363636364,0.6557591116108655,0,Anomaly Only
HI,3,0.86,12.0,0.07166666666666667,0.65497486052578,0,Anomaly Only
XX,3,1389627.54,10273.0,135.26988610921833,0.6548562385401173,0,Anomaly Only
OH,4,33.97,3673.0,0.009248570650694255,0.6527813608828227,0,Anomaly Only
XX,4,135397.5,23853.0,5.676330021380958,0.6524852648710177,0,Anomaly Only
KS,4,0.67,24.0,0.02791666666666667,0.6518121990518351,0,Anomaly Only
AZ,1,389725.24,31348.0,12.432220237335715,0.6502733942323708,0,Anomaly Only
IL,4,1874373.74,941.0,1991.8955791710946,0.649223411184777,0,Anomaly Only
XX,3,259358.0,20967.0,12.369819239757714,0.6490580334190745,0,Anomaly Only
CA,4,4.99,11.0,0.45363636363636367,0.6477451423279321,0,Anomaly Only
NH,3,96950.09,13.0,7457.699230769231,0.6476836009765796,0,Anomaly Only
NH,2,211254.99,18.0,11736.388333333332,0.6476292093555447,0,Anomaly Only
XX,2,1894269.08,102.0,18571.265490196078,0.646452409558506,0,Anomaly Only
XX,3,2014539.68,3108.0,648.1787902187903,0.646438394230047,0,Anomaly Only
NE,1,602286.28,35.0,17208.179428571428,0.6463537210698532,0,Anomaly Only
TX,3,2.97,15.0,0.198,0.646002159529655,0,Anomaly Only
CA,4,919268.37,3504.0,262.34827910958904,0.6456061132929968,0,Anomaly Only
XX,3,2317319.84,5280.0,438.8863333333333,0.6452290652813617,0,Anomaly Only
XX,2,1801689.51,129.0,13966.585348837209,0.6444152187920671,0,Anomaly Only
XX,4,819206.15,178.0,4602.281741573034,0.6437016109644247,0,Anomaly Only
NE,1,5.21,33.0,0.15787878787878787,0.642188702391317,0,Anomaly Only
XX,1,258807.9,15621.0,16.567946994430574,0.6418140828025312,0,Anomaly Only
NJ,1,2463747.18,401.0,6144.007930174564,0.6414051995444978,0,Anomaly Only
XX,1,1070400.1,330.0,3243.6366666666668,0.6402511431073529,0,Anomaly Only
XX,1,337142.63,16.0,21071.414375,0.6401386492785615,0,Anomaly Only
XX,4,280081.68,21421.0,13.075098268054713,0.6398345011661137,0,Anomaly Only
NY,1,204874.57,16923.0,12.106279619452817,0.6397983123184705,0,Anomaly Only
XX,1,259065.41,26716.0,9.697013400209613,0.6394739375349471,0,Anomaly Only
CA,4,1188615.13,70.0,16980.21614285714,0.6375224800105835,0,Anomaly Only
VA,2,889939.44,116.0,7671.89172413793,0.6372002083126836,0,Anomaly Only
PA,2,4.51,15.0,0.30066666666666664,0.6362511820102038,0,Anomaly Only
VA,2,940352.62,56.0,16792.011071428573,0.6358840983259898,0,Anomaly Only
NY,4,1147971.51,81.0,14172.487777777778,0.6357720806898285,0,Anomaly Only
FL,1,40.87,246.0,0.16613821138211382,0.6345267745733687,0,Anomaly Only
FL,3,21.05,217.0,0.09700460829493088,0.6343322182777255,0,Anomaly Only
FL,1,1.42,19.0,0.07473684210526316,0.633974541506647,0,Anomaly Only
NY,2,2145549.31,397.0,5404.406322418136,0.6337623157730142,0,Anomaly Only
MI,4,0.01,159.0,6.289308176100629e-05,0.6336761043386218,0,Anomaly Only
XX,2,610234.27,63.0,9686.258253968253,0.6332021611326147,0,Anomaly Only
FL,3,297117.04,12.0,24759.75333333333,0.6331764349014412,0,Anomaly Only
XX,2,1093351.98,9157.0,119.40067489352408,0.6330727606422027,0,Anomaly Only
XX,2,1392389.0,718.0,1939.2604456824513,0.6327512460425614,0,Anomaly Only
MA,3,1.86,29.0,0.06413793103448276,0.6313590214088473,0,Anomaly Only
NY,4,158445.66,13780.0,11.49823367198839,0.6310004642998109,0,Anomaly Only
ID,1,7.7,12.0,0.6416666666666667,0.6308427833310661,0,Anomaly Only
MI,3,1497887.28,368.0,4070.3458695652175,0.630604634499959,0,Anomaly Only
CO,4,297773.41,13.0,22905.64692307692,0.6305240611213396,0,Anomaly Only
FL,4,5.61,11.0,0.51,0.6303654348594923,0,Anomaly Only
XX,2,140641.73,13890.0,10.125394528437726,0.6301135105124466,0,Anomaly Only
CA,3,758663.23,12104.0,62.678720257766024,0.6300218501295878,0,Anomaly Only
MI,3,710003.16,89.0,7977.563595505619,0.6298847769503685,0,Anomaly Only
AZ,1,659376.32,336.0,1962.4295238095237,0.6297443775142199,0,Anomaly Only
XX,2,547000.73,23.0,23782.640434782606,0.6294529347536334,0,Anomaly Only
MA,1,553703.96,31.0,17861.41806451613,0.6291942295344357,0,Anomaly Only
KY,4,7.22,74.0,0.09756756756756757,0.6290734836754703,0,Anomaly Only
CA,3,2.31,29.0,0.07965517241379311,0.6286544866011488,0,Anomaly Only
KY,3,823245.2,36.0,22867.92222222222,0.6283908742356723,0,Anomaly Only
XX,1,344534.73,6962.0,49.487895719620795,0.6279292289156996,0,Anomaly Only
NC,1,97041.26,14.0,6931.518571428571,0.6278463480672801,0,Anomaly Only
XX,3,12.86,11.0,1.169090909090909,0.6277039353836321,0,Anomaly Only
XX,1,1026256.56,3695.0,277.7419648173207,0.6273563417592667,0,Anomaly Only
CA,2,1349217.29,201.0,6712.523830845771,0.6270801643210683,0,Anomaly Only
FL,2,1474689.43,2020.0,730.0442722772277,0.625674837108043,0,Anomaly Only
XX,2,6.01,12.0,0.5008333333333334,0.625537731806862,0,Anomaly Only
ID,2,1614646.88,1182.0,1366.0295093062605,0.6251032717819315,0,Anomaly Only
XX,2,151871.92,11306.0,13.43286042809128,0.6244507635316896,0,Anomaly Only
OH,1,491890.4,22.0,22358.654545454545,0.6244413175465947,0,Anomaly Only
NY,3,327283.6,4532.0,72.2161518093557,0.6239390341570005,0,Anomaly Only
CA,3,461788.54,21.0,21989.930476190475,0.6236283693328452,0,Anomaly Only
NY,2,1362005.98,937.0,1453.5816221985058,0.6230927739550823,0,Anomaly Only
CA,3,182068.65,13301.0,13.688342981730697,0.6228170486217551,0,Anomaly Only
OH,3,1552474.68,249.0,6234.838072289156,0.6227088900261312,0,Anomaly Only
CO,2,23473.99,11.0,2133.999090909091,0.6225133522064679,0,Anomaly Only
PA,1,48081.03,12160.0,3.954032072368421,0.6224893307649558,0,Anomaly Only
NC,3,371987.52,16.0,23249.22,0.622208162268661,0,Anomaly Only
XX,2,99227.75,12694.0,7.816901685835828,0.6221547202376568,0,Anomaly Only
XX,1,359959.98,20796.0,17.30909694171956,0.6220868312114031,0,Anomaly Only
NM,2,765127.22,6265.0,122.12724980047885,0.6219819009994237,0,Anomaly Only
IL,3,605146.33,712.0,849.9246207865168,0.6218441251922024,0,Anomaly Only
ND,3,3.74,23.0,0.16260869565217392,0.6216900681480952,0,Anomaly Only
TN,4,8.88,323.0,0.02749226006191951,0.6213744889028511,0,Anomaly Only
WV,1,1080216.0,361.0,2992.288088642659,0.6209160368828477,0,Anomaly Only
XX,2,170983.37,12330.0,13.867264395782643,0.6199956121233685,0,Anomaly Only
TX,2,797261.27,1985.0,401.6429571788413,0.6199503309628595,0,Anomaly Only
MI,4,156401.52,44.0,3554.58,0.6196088528138686,0,Anomaly Only
XX,3,1005765.04,4077.0,246.69243070885457,0.6194982137796973,0,Anomaly Only
NV,1,257481.5,35.0,7356.614285714286,0.6192594508606464,0,Anomaly Only
TX,4,0.95,24.0,0.03958333333333333,0.6192393766115486,0,Anomaly Only
KS,3,409563.23,28.0,14627.258214285714,0.6192017131759848,0,Anomaly Only
NV,1,28009.79,11.0,2546.3445454545454,0.6191912742273146,0,Anomaly Only
NY,2,235337.33,22.0,10697.151363636363,0.6187809721536972,0,Anomaly Only
CA,4,460314.6,94.0,4896.963829787233,0.6187056142022664,0,Anomaly Only
XX,2,718584.88,310.0,2318.0157419354837,0.6185368351421315,0,Anomaly Only
XX,3,264668.15,10224.0,25.886947378716748,0.6182355424426593,0,Anomaly Only
MI,2,63734.36,17.0,3749.08,0.616952750971061,0,Anomaly Only
XX,2,996633.92,3783.0,263.45067935500924,0.6166196202765434,0,Anomaly Only
OH,3,165192.18,21.0,7866.294285714285,0.616462189838823,0,Anomaly Only
MO,2,3.3,84.0,0.039285714285714285,0.6160052701138554,0,Anomaly Only
WI,1,921009.45,202.0,4559.452722772277,0.6159428888439111,0,Anomaly Only
WA,3,1501363.71,1233.0,1217.65102189781,0.6157737487894309,0,Anomaly Only
XX,3,77086.95,12769.0,6.037038922390163,0.6155710094125721,0,Anomaly Only
FL,3,7.3,130.0,0.05615384615384615,0.6154842112502031,0,Anomaly Only
GA,4,65710.54,10339.0,6.355599187542315,0.6151588807906118,0,Anomaly Only
NY,2,702634.23,877.0,801.1792816419612,0.6150078702199409,0,Anomaly Only
IL,2,685272.58,985.0,695.7082030456852,0.6148843632369314,0,Anomaly Only
XX,2,832374.76,6281.0,132.52264925967202,0.6148696210864639,0,Anomaly Only
NJ,2,34791.12,12.0,2899.26,0.6144775099813105,0,Anomaly Only
IA,4,431281.06,34.0,12684.73705882353,0.6143505464610257,0,Anomaly Only
AZ,1,698752.3,128.0,5459.00234375,0.6139474166964181,0,Anomaly Only
GA,1,279542.97,16.0,17471.435625,0.6133086747880617,0,Anomaly Only
CA,2,276702.6,29.0,9541.46896551724,0.6124282410262726,0,Anomaly Only
OR,4,2.5,36.0,0.06944444444444445,0.6123122668919425,0,Anomaly Only
PA,3,869123.44,2670.0,325.5143970037453,0.6123031948473304,0,Anomaly Only
TX,1,333302.87,18.0,18516.82611111111,0.6122172723186077,0,Anomaly Only
IL,1,313098.72,16.0,19568.67,0.6121946127838784,0,Anomaly Only
VA,3,31664.79,13.0,2435.753076923077,0.6121928471030593,0,Anomaly Only
NC,2,769999.87,180.0,4277.777055555555,0.6118173869013317,0,Anomaly Only
VA,1,834380.31,1027.0,812.4443135345667,0.6111053116438787,0,Anomaly Only
MS,2,18.46,17.0,1.0858823529411765,0.6110001768555756,0,Anomaly Only
XX,1,606585.95,5152.0,117.73795613354037,0.6106040409687641,0,Anomaly Only
IL,3,106408.01,17.0,6259.294705882353,0.6105348321884847,0,Anomaly Only
PA,3,464981.05,4530.0,102.64482339955849,0.6101489182807194,0,Anomaly Only
OR,3,955774.57,1510.0,632.9632913907284,0.6097609707615038,0,Anomaly Only
MA,3,373317.68,22.0,16968.985454545455,0.6092728234639099,0,Anomaly Only
IN,3,828744.37,1091.0,759.6190375802016,0.609152220959323,0,Anomaly Only
CT,2,1078055.86,1407.0,766.2088557213931,0.6091296619255355,0,Anomaly Only
AZ,2,242357.48,14.0,17311.248571428572,0.6091034844154314,0,Anomaly Only
PR,2,513517.98,170.0,3020.694,0.6090866987694736,0,Anomaly Only
MA,3,55861.35,11.0,5078.304545454545,0.6089479428738636,0,Anomaly Only
MO,3,994333.84,1160.0,857.1843448275862,0.6088763154320203,0,Anomaly Only
DE,3,277444.96,18.0,15413.60888888889,0.6087572210770953,0,Anomaly Only
IN,4,294572.56,19.0,15503.818947368422,0.6086232250907772,0,Anomaly Only
OK,4,168243.51,23.0,7314.935217391305,0.6086201506008508,0,Anomaly Only
XX,4,199780.65,6495.0,30.759145496535798,0.6084407724617821,0,Anomaly Only
NC,1,817085.26,3582.0,228.108671133445,0.608406938074066,0,Anomaly Only
OK,4,225896.48,39.0,5792.217435897436,0.6083360891299247,0,Anomaly Only
LA,3,16.24,18.0,0.9022222222222221,0.6079434729009588,0,Anomaly Only
WI,4,426039.2,24.0,17751.633333333335,0.6076791105574375,0,Anomaly Only
WV,4,217225.4,36.0,6034.038888888888,0.6076700021600198,0,Anomaly Only
MT,2,258168.33,18.0,14342.685,0.6071420500713234,0,Anomaly Only
NY,3,244615.37,19.0,12874.493157894736,0.606856146060532,0,Anomaly Only
CA,4,4.98,55.0,0.09054545454545455,0.6068309115097602,0,Anomaly Only
CA,4,121440.99,9421.0,12.890456427130879,0.6067148124611348,0,Anomaly Only
OR,3,965417.81,421.0,2293.1539429928744,0.6062709954281605,0,Anomaly Only
MI,2,692908.31,147.0,4713.661972789116,0.6049570482709185,0,Anomaly Only
MD,3,286582.42,22.0,13026.473636363635,0.6047081133370265,0,Anomaly Only
XX,4,104018.51,14772.0,7.04159964798267,0.6046884831611943,0,Anomaly Only
XX,2,268575.97,18.0,14920.88722222222,0.604334370544033,0,Anomaly Only
FL,3,6.65,19.0,0.35000000000000003,0.6035172591331551,0,Anomaly Only
XX,1,147306.09,9665.0,15.241188825659597,0.6034794517662151,0,Anomaly Only
NV,3,54824.56,29.0,1890.502068965517,0.6033211637191781,0,Anomaly Only
IN,1,761802.17,190.0,4009.485105263158,0.6032840193483088,0,Anomaly Only
IA,1,238205.72,17.0,14012.101176470589,0.6029718273941589,0,Anomaly Only
HI,2,620394.26,122.0,5085.198852459016,0.6028487740072925,0,Anomaly Only
NY,2,683629.82,257.0,2660.0382101167315,0.6027029043463848,0,Anomaly Only
CA,2,15.0,15.0,1.0,0.6026067112807668,0,Anomaly Only
IL,2,71187.21,24.0,2966.1337500000004,0.6024420732893151,0,Anomaly Only
VA,3,11233.1,11.0,1021.1909090909091,0.6022769474892292,0,Anomaly Only
OH,2,381862.59,25.0,15274.503600000002,0.6021791146435557,0,Anomaly Only
OH,3,985933.9,2035.0,484.48840294840295,0.6021492518988444,0,Anomaly Only
CA,1,54186.52,5214.0,10.392504794783274,0.6019318022625422,0,Anomaly Only
PR,1,26026.55,8806.0,2.955547354076766,0.6017447861816746,0,Anomaly Only
FL,4,281.77,651.0,0.432826420890937,0.6016331841483832,0,Anomaly Only
RI,2,142177.19,31.0,4586.360967741935,0.6001541721886575,0,Anomaly Only
UT,4,192751.77,38.0,5072.415,0.6000465741942218,0,Anomaly Only
MN,3,18.86,14.0,1.3471428571428572,0.5999331101255908,0,Anomaly Only
TN,3,4.55,19.0,0.2394736842105263,0.5999120478458326,0,Anomaly Only
XX,2,436787.27,3718.0,117.47909359870899,0.5998749655154992,0,Anomaly Only
XX,4,19.63,11.0,1.7845454545454544,0.599540358726151,0,Anomaly Only
XX,3,237390.8,5533.0,42.9045364178565,0.5994214356743345,0,Anomaly Only
PA,1,11.1,15.0,0.74,0.5992096880704921,0,Anomaly Only
