State,Total_Reimbursement,Total_Prescriptions,Average_RPP,Reimbursement_Share_Percent,High_Reimbursement_Flag,High_RPP_Flag,State_Review_Score,Anomaly_Count,Anomaly_Share_Percent,Combined_Review_Flag,Review_Category
CA,33205627.65,150366.0,736.2118882244579,6.0015235614047215,True,True,2,19,7.224334600760455,True,High Financial Review
MI,6420864.14,29253.0,688.5824470745903,1.1604950771285503,True,True,2,8,3.041825095057034,True,High Financial Review
NY,28245824.25,180079.0,482.63221743292524,5.105097892876959,True,False,1,16,6.083650190114068,True,Financial + Anomaly Review
PA,7661831.0,69176.0,535.4830264547658,1.3847851260236939,True,False,1,7,2.6615969581749046,True,Financial + Anomaly Review
TX,4968577.71,48936.0,838.9574898366925,0.8980115210451479,False,True,1,6,2.2813688212927756,True,Financial + Anomaly Review
NC,6197874.15,38377.0,610.0328399229411,1.120192279872363,True,False,1,5,1.9011406844106464,True,Financial + Anomaly Review
OR,3789673.95,26301.0,857.5468322756849,0.6849386417475745,False,True,1,5,1.9011406844106464,True,Financial + Anomaly Review
AZ,3608976.91,46023.0,718.7166428693815,0.6522797938418312,False,True,1,5,1.9011406844106464,True,Financial + Anomaly Review
WI,13127821.54,29448.0,574.1583045194105,2.3726981195076555,True,False,1,3,1.1406844106463878,True,Routine Monitoring
MT,1282936.69,3984.0,691.1921561935544,0.2318755981360161,False,True,1,2,0.7604562737642585,True,Routine Monitoring
FL,4460674.73,37386.0,324.2859379373616,0.8062140783493864,False,False,0,13,4.942965779467681,True,Anomaly Review
TN,5173987.97,24356.0,172.17229547137276,0.9351369905028609,False,False,0,12,4.562737642585551,True,Anomaly Review
OH,5435848.33,103656.0,389.6554498986382,0.98246514634749,False,False,0,10,3.802281368821293,True,Anomaly Review
MA,2703963.29,32657.0,442.62586511121833,0.4887093105167801,False,False,0,10,3.802281368821293,True,Anomaly Review
VA,4809192.76,48245.0,488.4316633555066,0.8692045807625927,False,False,0,7,2.6615969581749046,True,Anomaly Review
IL,5001818.86,29356.0,312.61626721596315,0.9040194648502152,False,False,0,6,2.2813688212927756,True,Anomaly Review
OK,1087374.12,19412.0,232.59867514694665,0.19652998190629675,False,False,0,5,1.9011406844106464,True,Anomaly Review
IN,4219019.38,34145.0,518.3214099055043,0.7625377385418325,False,False,0,4,1.520912547528517,False,Routine Monitoring
GA,5097571.17,33646.0,257.9661180333555,0.9213255597863225,False,False,0,3,1.1406844106463878,False,Routine Monitoring
NJ,4106500.8000000003,31276.0,368.71140845551895,0.7422013390590839,False,False,0,3,1.1406844106463878,False,Routine Monitoring
CO,2934989.66,12734.0,487.76306898766563,0.5304645881906477,False,False,0,3,1.1406844106463878,False,Routine Monitoring
MN,1322297.3,18473.0,127.10183869087624,0.23898956179290437,False,False,0,3,1.1406844106463878,False,Routine Monitoring
PR,1087236.68,21040.0,224.78926177970206,0.1965051412555801,False,False,0,3,1.1406844106463878,False,Routine Monitoring
HI,735475.1799999999,4869.0,170.70706827213763,0.13292842008961028,False,False,0,3,1.1406844106463878,False,Routine Monitoring
NV,559624.07,12139.0,169.03830570399361,0.10114541658525782,False,False,0,3,1.1406844106463878,False,Routine Monitoring
MO,2638947.54,36377.0,130.16582134043733,0.4769584844339188,False,False,0,2,0.7604562737642585,False,Routine Monitoring
ID,2058039.41,9966.0,71.80166051995319,0.3719662263156912,False,False,0,2,0.7604562737642585,False,Routine Monitoring
KY,1826165.8199999998,34952.0,281.0409970479504,0.3300578236701987,False,False,0,2,0.7604562737642585,False,Routine Monitoring
WV,1614683.04,11827.0,194.54140849952762,0.2918348182092141,False,False,0,2,0.7604562737642585,False,Routine Monitoring
IA,1502642.96,13476.0,520.9385401895651,0.2715849019290841,False,False,0,2,0.7604562737642585,False,Routine Monitoring
NE,921703.41,10560.0,366.5186045504436,0.16658696501832504,False,False,0,2,0.7604562737642585,False,Routine Monitoring
VT,895258.1599999999,4744.0,111.35366708762756,0.1618072995762162,False,False,0,2,0.7604562737642585,False,Routine Monitoring
UT,855400.26,6464.0,177.40821460855477,0.1546034566469556,False,False,0,2,0.7604562737642585,False,Routine Monitoring
KS,683531.87,6282.0,308.68339605458806,0.12354028256942252,False,False,0,2,0.7604562737642585,False,Routine Monitoring
NH,602536.0499999999,9086.0,512.1082035242093,0.10890124826990685,False,False,0,2,0.7604562737642585,False,Routine Monitoring
CT,2033880.09,20276.0,125.26124674274642,0.3675997156225101,False,False,0,1,0.38022813688212925,False,Routine Monitoring
LA,1906544.8699999999,27790.0,202.63866713128337,0.3445853841037184,False,False,0,1,0.38022813688212925,False,Routine Monitoring
WA,1832781.18,18916.0,80.18447753249339,0.33125347156836976,False,False,0,1,0.38022813688212925,False,Routine Monitoring
NM,1342204.52,18078.0,185.54119602571296,0.24258755581763308,False,False,0,1,0.38022813688212925,False,Routine Monitoring
MD,1281132.88,31511.0,183.29396583922,0.23154958086179372,False,False,0,1,0.38022813688212925,False,Routine Monitoring
DE,674286.9400000001,9128.0,486.2246769605733,0.12186937106600641,False,False,0,1,0.38022813688212925,False,Routine Monitoring
MS,516365.26999999996,7467.0,54.88502945635632,0.09332690129698876,False,False,0,1,0.38022813688212925,False,Routine Monitoring
RI,197235.35,5771.0,143.1730013157119,0.03564795138473785,False,False,0,1,0.38022813688212925,False,Routine Monitoring
ND,39630.689999999995,1069.0,50.91030430057168,0.007162777415223064,False,False,0,1,0.38022813688212925,False,Routine Monitoring
SC,812852.43,10747.0,152.16911396418323,0.146913440757988,False,False,0,0,0.0,False,Routine Monitoring
AR,803146.29,9469.0,129.20775723580692,0.14515917101448889,False,False,0,0,0.0,False,Routine Monitoring
AL,496145.13,11210.0,68.58798595332959,0.08967235069177223,False,False,0,0,0.0,False,Routine Monitoring
AK,487047.54000000004,1689.0,516.3403105897856,0.08802806914671311,False,False,0,0,0.0,False,Routine Monitoring
ME,412781.09,4346.0,238.57697791491907,0.07460528870133623,False,False,0,0,0.0,False,Routine Monitoring
DC,330850.45,3631.0,196.37385353381623,0.05979729676865045,False,False,0,0,0.0,False,Routine Monitoring
SD,243496.72,1851.0,119.82384399424227,0.044009145606520965,False,False,0,0,0.0,False,Routine Monitoring
WY,145460.03,2505.0,75.58615385347126,0.026290176065611508,False,False,0,0,0.0,False,Routine Monitoring
